Workbook

Sheet Start Here
A1: BID OR GO BROKE · AWS SBG BZU · DEVFEST BZU
A3: HOW TO USE
A4: 1. Type team names in the Credits tab (purple-light cells, A3:A10).
A5: 2. After each auction round, fill the Purchase Log (winner, price, 2nd-copy team and price). Credits update automatically.
A6: 3. At the end, fill Scoreboard: must-haves covered (0-3), bonus count, overkill count, pitch (0-4). Totals and ranks are automatic.
A7: 4. Light purple cells = inputs. Everything else is a formula. Prices are fictional game values.
A8: Scoring: 10 per must-have, +5 per bonus, -5 per overkill, +1 per 5 unspent CC (max 6), pitch 0-4. Incomplete builds (under 3 must-haves) cannot win.

Sheet Price List
A1: Service | B1: Category | C1: Start (CC) | D1: Min raise | E1: Stock
A2: Amazon EC2 | B2: Compute | C2: 20 | D2: 2 | E2: 2
A3: Amazon S3 | B3: Object Storage | C3: 10 | D3: 2 | E3: 2
A4: AWS Lambda | B4: Serverless Compute | C4: 15 | D4: 2 | E4: 2
A5: Amazon RDS | B5: Relational Database | C5: 25 | D5: 2 | E5: 2
A6: Amazon DynamoDB | B6: NoSQL Database | C6: 20 | D6: 2 | E6: 2
A7: Amazon CloudFront | B7: Content Delivery | C7: 15 | D7: 2 | E7: 2
A8: Amazon Route 53 | B8: DNS | C8: 10 | D8: 2 | E8: 2
A9: Amazon Cognito | B9: Login & Identity | C9: 10 | D9: 2 | E9: 2

Sheet Credits
A1: Team | B1: Start CC | C1: Spent | D1: Credits left | E1: Cards owned | G1: Rows: example on row 2 (ignored). Edit A3:A10.
A2: Example: Team Orbit
B3: 100 | C3: =SUMIF('Purchase Log'!$C$3:$C$40,A3,'Purchase Log'!$D$3:$D$40)+SUMIF('Purchase Log'!$E$3:$E$40,A3,'Purchase Log'!$F$3:$F$40) -> 0 | D3: =IF(A3="","",B3-C3) | E3: =IF(A3="","",COUNTIF('Purchase Log'!$C$3:$C$40,A3)+COUNTIF('Purchase Log'!$E$3:$E$40,A3))
B4: 100 | C4: =SUMIF('Purchase Log'!$C$3:$C$40,A4,'Purchase Log'!$D$3:$D$40)+SUMIF('Purchase Log'!$E$3:$E$40,A4,'Purchase Log'!$F$3:$F$40) -> 0 | D4: =IF(A4="","",B4-C4) | E4: =IF(A4="","",COUNTIF('Purchase Log'!$C$3:$C$40,A4)+COUNTIF('Purchase Log'!$E$3:$E$40,A4))
B5: 100 | C5: =SUMIF('Purchase Log'!$C$3:$C$40,A5,'Purchase Log'!$D$3:$D$40)+SUMIF('Purchase Log'!$E$3:$E$40,A5,'Purchase Log'!$F$3:$F$40) -> 0 | D5: =IF(A5="","",B5-C5) | E5: =IF(A5="","",COUNTIF('Purchase Log'!$C$3:$C$40,A5)+COUNTIF('Purchase Log'!$E$3:$E$40,A5))
B6: 100 | C6: =SUMIF('Purchase Log'!$C$3:$C$40,A6,'Purchase Log'!$D$3:$D$40)+SUMIF('Purchase Log'!$E$3:$E$40,A6,'Purchase Log'!$F$3:$F$40) -> 0 | D6: =IF(A6="","",B6-C6) | E6: =IF(A6="","",COUNTIF('Purchase Log'!$C$3:$C$40,A6)+COUNTIF('Purchase Log'!$E$3:$E$40,A6))
B7: 100 | C7: =SUMIF('Purchase Log'!$C$3:$C$40,A7,'Purchase Log'!$D$3:$D$40)+SUMIF('Purchase Log'!$E$3:$E$40,A7,'Purchase Log'!$F$3:$F$40) -> 0 | D7: =IF(A7="","",B7-C7) | E7: =IF(A7="","",COUNTIF('Purchase Log'!$C$3:$C$40,A7)+COUNTIF('Purchase Log'!$E$3:$E$40,A7))
B8: 100 | C8: =SUMIF('Purchase Log'!$C$3:$C$40,A8,'Purchase Log'!$D$3:$D$40)+SUMIF('Purchase Log'!$E$3:$E$40,A8,'Purchase Log'!$F$3:$F$40) -> 0 | D8: =IF(A8="","",B8-C8) | E8: =IF(A8="","",COUNTIF('Purchase Log'!$C$3:$C$40,A8)+COUNTIF('Purchase Log'!$E$3:$E$40,A8))
B9: 100 | C9: =SUMIF('Purchase Log'!$C$3:$C$40,A9,'Purchase Log'!$D$3:$D$40)+SUMIF('Purchase Log'!$E$3:$E$40,A9,'Purchase Log'!$F$3:$F$40) -> 0 | D9: =IF(A9="","",B9-C9) | E9: =IF(A9="","",COUNTIF('Purchase Log'!$C$3:$C$40,A9)+COUNTIF('Purchase Log'!$E$3:$E$40,A9))
B10: 100 | C10: =SUMIF('Purchase Log'!$C$3:$C$40,A10,'Purchase Log'!$D$3:$D$40)+SUMIF('Purchase Log'!$E$3:$E$40,A10,'Purchase Log'!$F$3:$F$40) -> 0 | D10: =IF(A10="","",B10-C10) | E10: =IF(A10="","",COUNTIF('Purchase Log'!$C$3:$C$40,A10)+COUNTIF('Purchase Log'!$E$3:$E$40,A10))

Sheet Purchase Log
A1: Round | B1: Service | C1: Winning team | D1: Price paid | E1: 2nd-copy team | F1: 2nd price | G1: Check
A2: Example | B2: Amazon S3 | C2: Team Orbit | D2: 16 | E2: Team Nova | F2: 14
A3: 1 | B3: Amazon EC2 | G3: =IF(C3="","",IF(D3<VLOOKUP(B3,'Price List'!$A$2:$C$9,3,FALSE()),"Below start price!","OK"))
A4: 2 | B4: Amazon S3 | G4: =IF(C4="","",IF(D4<VLOOKUP(B4,'Price List'!$A$2:$C$9,3,FALSE()),"Below start price!","OK"))
A5: 3 | B5: AWS Lambda | G5: =IF(C5="","",IF(D5<VLOOKUP(B5,'Price List'!$A$2:$C$9,3,FALSE()),"Below start price!","OK"))
A6: 4 | B6: Amazon RDS | G6: =IF(C6="","",IF(D6<VLOOKUP(B6,'Price List'!$A$2:$C$9,3,FALSE()),"Below start price!","OK"))
A7: 5 | B7: Amazon DynamoDB | G7: =IF(C7="","",IF(D7<VLOOKUP(B7,'Price List'!$A$2:$C$9,3,FALSE()),"Below start price!","OK"))
A8: 6 | B8: Amazon CloudFront | G8: =IF(C8="","",IF(D8<VLOOKUP(B8,'Price List'!$A$2:$C$9,3,FALSE()),"Below start price!","OK"))
A9: 7 | B9: Amazon Route 53 | G9: =IF(C9="","",IF(D9<VLOOKUP(B9,'Price List'!$A$2:$C$9,3,FALSE()),"Below start price!","OK"))
A10: 8 | B10: Amazon Cognito | G10: =IF(C10="","",IF(D10<VLOOKUP(B10,'Price List'!$A$2:$C$9,3,FALSE()),"Below start price!","OK"))
A31: Rows 11-30 are spare for extra games.

Sheet Scoreboard
A1: Team | B1: Scenario | C1: Must-haves covered (0-3) | D1: Bonus picks | E1: Overkill items | F1: Credits left | G1: Pitch (0-4) | H1: Must pts | I1: Bonus pts | J1: Overkill pts | K1: Budget pts | L1: TOTAL /50 | M1: Status | N1: Rank
A2: =IF(Credits!A3="","",Credits!A3) | F2: =IF(A2="","",Credits!D3) | H2: =10*N(C2) -> 0 | I2: =5*MIN(2,N(D2)) -> 0 | J2: =-5*MIN(2,N(E2)) -> 0 | K2: =IF(A2="",0,MIN(6,INT(N(F2)/5))) -> 0 | L2: =IF(A2="","",H2+I2+J2+K2+MIN(4,N(G2))) | M2: =IF(A2="","",IF(N(C2)>=3,"Valid","INCOMPLETE")) | N2: =IF(M2="Valid",COUNTIFS($M$2:$M$9,"Valid",$L$2:$L$9,">"&L2)+1,"-") -> -
A3: =IF(Credits!A4="","",Credits!A4) | F3: =IF(A3="","",Credits!D4) | H3: =10*N(C3) -> 0 | I3: =5*MIN(2,N(D3)) -> 0 | J3: =-5*MIN(2,N(E3)) -> 0 | K3: =IF(A3="",0,MIN(6,INT(N(F3)/5))) -> 0 | L3: =IF(A3="","",H3+I3+J3+K3+MIN(4,N(G3))) | M3: =IF(A3="","",IF(N(C3)>=3,"Valid","INCOMPLETE")) | N3: =IF(M3="Valid",COUNTIFS($M$2:$M$9,"Valid",$L$2:$L$9,">"&L3)+1,"-") -> -
A4: =IF(Credits!A5="","",Credits!A5) | F4: =IF(A4="","",Credits!D5) | H4: =10*N(C4) -> 0 | I4: =5*MIN(2,N(D4)) -> 0 | J4: =-5*MIN(2,N(E4)) -> 0 | K4: =IF(A4="",0,MIN(6,INT(N(F4)/5))) -> 0 | L4: =IF(A4="","",H4+I4+J4+K4+MIN(4,N(G4))) | M4: =IF(A4="","",IF(N(C4)>=3,"Valid","INCOMPLETE")) | N4: =IF(M4="Valid",COUNTIFS($M$2:$M$9,"Valid",$L$2:$L$9,">"&L4)+1,"-") -> -
A5: =IF(Credits!A6="","",Credits!A6) | F5: =IF(A5="","",Credits!D6) | H5: =10*N(C5) -> 0 | I5: =5*MIN(2,N(D5)) -> 0 | J5: =-5*MIN(2,N(E5)) -> 0 | K5: =IF(A5="",0,MIN(6,INT(N(F5)/5))) -> 0 | L5: =IF(A5="","",H5+I5+J5+K5+MIN(4,N(G5))) | M5: =IF(A5="","",IF(N(C5)>=3,"Valid","INCOMPLETE")) | N5: =IF(M5="Valid",COUNTIFS($M$2:$M$9,"Valid",$L$2:$L$9,">"&L5)+1,"-") -> -
A6: =IF(Credits!A7="","",Credits!A7) | F6: =IF(A6="","",Credits!D7) | H6: =10*N(C6) -> 0 | I6: =5*MIN(2,N(D6)) -> 0 | J6: =-5*MIN(2,N(E6)) -> 0 | K6: =IF(A6="",0,MIN(6,INT(N(F6)/5))) -> 0 | L6: =IF(A6="","",H6+I6+J6+K6+MIN(4,N(G6))) | M6: =IF(A6="","",IF(N(C6)>=3,"Valid","INCOMPLETE")) | N6: =IF(M6="Valid",COUNTIFS($M$2:$M$9,"Valid",$L$2:$L$9,">"&L6)+1,"-") -> -
A7: =IF(Credits!A8="","",Credits!A8) | F7: =IF(A7="","",Credits!D8) | H7: =10*N(C7) -> 0 | I7: =5*MIN(2,N(D7)) -> 0 | J7: =-5*MIN(2,N(E7)) -> 0 | K7: =IF(A7="",0,MIN(6,INT(N(F7)/5))) -> 0 | L7: =IF(A7="","",H7+I7+J7+K7+MIN(4,N(G7))) | M7: =IF(A7="","",IF(N(C7)>=3,"Valid","INCOMPLETE")) | N7: =IF(M7="Valid",COUNTIFS($M$2:$M$9,"Valid",$L$2:$L$9,">"&L7)+1,"-") -> -
A8: =IF(Credits!A9="","",Credits!A9) | F8: =IF(A8="","",Credits!D9) | H8: =10*N(C8) -> 0 | I8: =5*MIN(2,N(D8)) -> 0 | J8: =-5*MIN(2,N(E8)) -> 0 | K8: =IF(A8="",0,MIN(6,INT(N(F8)/5))) -> 0 | L8: =IF(A8="","",H8+I8+J8+K8+MIN(4,N(G8))) | M8: =IF(A8="","",IF(N(C8)>=3,"Valid","INCOMPLETE")) | N8: =IF(M8="Valid",COUNTIFS($M$2:$M$9,"Valid",$L$2:$L$9,">"&L8)+1,"-") -> -
A9: =IF(Credits!A10="","",Credits!A10) | F9: =IF(A9="","",Credits!D10) | H9: =10*N(C9) -> 0 | I9: =5*MIN(2,N(D9)) -> 0 | J9: =-5*MIN(2,N(E9)) -> 0 | K9: =IF(A9="",0,MIN(6,INT(N(F9)/5))) -> 0 | L9: =IF(A9="","",H9+I9+J9+K9+MIN(4,N(G9))) | M9: =IF(A9="","",IF(N(C9)>=3,"Valid","INCOMPLETE")) | N9: =IF(M9="Valid",COUNTIFS($M$2:$M$9,"Valid",$L$2:$L$9,">"&L9)+1,"-") -> -
A11: Tie-break: more credits left, then best pitch (decide manually). Team names come from the Credits tab.
